key,key:booking,key:passenger
bp1,booking9,passenger1
bp2,booking17,passenger2
bp3,booking5,passenger3
bp4,booking8,passenger4
bp5,booking19,passenger5
bp6,booking1,passenger6
bp7,booking6,passenger7
bp8,booking12,passenger8
bp9,booking15,passenger9
bp10,booking20,passenger10
bp11,booking3,passenger11
bp12,booking10,passenger12
bp13,booking11,passenger13
bp14,booking16,passenger14
bp15,booking14,passenger15
bp16,booking7,passenger16
bp17,booking13,passenger17
bp18,booking18,passenger18
bp19,booking4,passenger19
bp20,booking2,passenger20
